id,coverage_id,premise,boundary,sink,sink_apps,writer,attacker_model,victim_model,resolved,verdict,coordinates,notes
row-1,resources/views/livewire/**/*.blade.php#HTML/JS sinks::resources/views/components/select2-ajax.blade.php#inline script URL injection::profile/quick/all-in-scope-subsystems::ATTACK-CLASSES.md#Injection,HTML/JS sinks / select2-ajax inline script URL injection,resources/views/components/select2-ajax.blade.php,Inline script `url: '{!! $url !!}'` inside select2 ajax config (broken out of the single-quoted string only when $url itself carries a quote),5 call sites (L43/L67/L93/L113/L137),All 38 x-select2-ajax callers pass route() built URLs from static route names (clientes.load-clientes, estados.load-estados, municipios.load-municipios, localidades.load-localidades, etc.); dynamic params are query strings percent-encoded,Livewire owner pages only (SuperAdmin/Accountant/Admin/Manager),n/a,not-vulnerable,resolved-safe,"Sibling variants select2-ajax-modals.blade.php (L55/L77/L107/L129) and select2-ajax-component-modals.blade.php (L40/L62/L91/L114) already use escaped {{$url}}; main variant is the only unescaped one. Hardening: switch to {{ $url }} for defense-in-depth."
row-2,resources/views/livewire/**/*.blade.php#HTML/JS sinks::resources/views/components/select2-ajax.blade.php#inline script URL injection::profile/quick/all-in-scope-subsystems::ATTACK-CLASSES.md#Injection,HTML/JS sinks / trazas activity-log columns,resources/views/livewire/trazas/index.blade.php,`{!! $log->description !!}` rendered into a table cell,1 (L49),app/Livewire/Clientes/Save.php else-branch L287-L297 activity() ->log() with ['nombre_comercial' => Crypt::decrypt($clienteDB->nombre_comercial)]; Comensales/Save.php L253-L263 same pattern,Accountant|Manager (no con_facturacion required -> rfc empty -> description branch),SuperAdmin (no tenant filter) and Admin|Manager of same tenant,not-vulnerable STORED-STORED-html candidates,needs_validation,"Server-side chain complete: nombre_comercial passes validation with only required+RuleUnique (no charset/sanitization); direccion table fully nullable so con_facturacion=false create hits the else-branch; decrypted value embedded raw in log description; /admin/trazas query has NO tenant filter. Browser-level confirmation (img onerror eager fire) + deployed CSP header check still required. See candidate S-8 in result JSON."
row-3,resources/views/livewire/**/*.blade.php#HTML/JS sinks::resources/views/components/select2-ajax.blade.php#inline script URL injection::profile/quick/all-in-scope-subsystems::ATTACK-CLASSES.md#Injection,HTML/JS sinks / trazas other raw columns,resources/views/livewire/trazas/index.blade.php,`{!! $log->log_name !!}` and `{!! $log->causer_name !!}`,2 (L48/L50),log_name is written by static __() translation strings (safe); causer_name = CONCAT(nombre apellidos email) of tb_usuarios actor (Usuarios/Save create),Admin/Manager create users,SuperAdmin viewer,resolved-safe (log_name); weak-data variant (causer_name),resolved-safe,"Same root cause as S-8; escaping all three columns fixes both. Accountant/SaveSystem also possible via Usuarios/SaveSystem."
row-4,resources/views/livewire/**/*.blade.php#HTML/JS sinks::resources/views/components/select2-ajax.blade.php#inline script URL injection::profile/quick/all-in-scope-subsystems::ATTACK-CLASSES.md#Injection,HTML/JS sinks / cuentas-cobrar x-html,resources/views/livewire/cuentas-cobrar/index.blade.php,`x-html` directive repeating an unescaped cell,15 call sites (L268 L269 L270 L273 L275 L276 L279 L322 L326 L339 L343 L361 L365 L378 L382),FacturaController::loadCuentasCobrar (DB::table, del_sistema=1 + estado=TIMBRADA + es_nota_credito=0 + es_complemento=0; Crypt::decrypt razon_social),System invoices authored by SuperAdmin/Accountant (admin tier); guests create del_sistema=0 facturas never reaching this query,SuperAdmin/Accountant viewers,not-vulnerable (admin-to-admin self-tier),resolved-safe,"No lower-trust writer found; migration 2026_08_19_083900_create_tb_facturas_table.php sets del_sistema default false and loadClientes filters es_cliente=1, so guest comensal razon_social cannot reach the debtor column. Hardening: return escaped values / avoid x-html."
row-5,resources/views/livewire/**/*.blade.php#HTML/JS sinks::resources/views/components/select2-ajax.blade.php#inline script URL injection::profile/quick/all-in-scope-subsystems::ATTACK-CLASSES.md#Injection,HTML/JS sinks / excel export,resources/views/reports/excel/ingresos.blade.php,`{!! !!}` unescaped 6 columns,6 (L37-L42),ReporteIngresosExport (phpspreadsheet fromview),razon_social is encrypted ciphertext (base64/json header -> charset cannot carry < >); fecha/folio/moneda/uuid are non-attacker-writable formats,n/a,n/a,not-vulnerable,resolved-safe,"Excel HTML export does not execute scripts; hardening: use {{ }}."
row-6,resources/views/livewire/**/*.blade.php#HTML/JS sinks::resources/views/components/select2-ajax.blade.php#inline script URL injection::profile/quick/all-in-scope-subsystems::ATTACK-CLASSES.md#Injection,HTML/JS sinks / factura PDF comentarios,resources/views/reports/factura/pdf.blade.php,`{!! $factura->comentarios !!}`,1 (L195),FacturasSistema save (admin) writes comentarios; blade appears unused for PDF output (generatePdf uses PdfFacturacion/TCPDF WriteHTML path),admin,victim downloads PDF,not-vulnerable (no html renderer wired to this blade),resolved-safe,"PDF engine does not execute inline JS; hardening: sanitize comentarios."
row-7,resources/views/livewire/**/*.blade.php#HTML/JS sinks::resources/views/components/select2-ajax.blade.php#inline script URL injection::profile/quick/all-in-scope-subsystems::ATTACK-CLASSES.md#Injection,HTML/JS sinks / toast message,resources/views/livewire/layouts/toast.blade.php,`{!! $message !!}`,1 (L18),show-toast dispatches with translations only (static) or literal interpolations,caller's own session only,n/a (self-session),not-vulnerable (self-XSS only),resolved-safe,"Cross-principal not established; hardening: {{ }}."
row-8,resources/views/livewire/**/*.blade.php#HTML/JS sinks::resources/views/components/select2-ajax.blade.php#inline script URL injection::profile/quick/all-in-scope-subsystems::ATTACK-CLASSES.md#Injection,HTML/JS sinks / text_alert dead properties,resources/views/livewire/facturas/timbrar.blade.php + facturas-sistema/{timbrar,cancel}.blade.php,`{!! $this->text_alert !!}`,3 (L15 L15 L15),$this->text_alert never assigned in app/ (dead),n/a,n/a,n/a,not-vulnerable (unreachable value),resolved-safe,"Returned as hardening: remove dead property or escape."
row-9,resources/views/livewire/**/*.blade.php#HTML/JS sinks::resources/views/components/select2-ajax.blade.php#inline script URL injection::profile/quick/all-in-scope-subsystems::ATTACK-CLASSES.md#Injection,HTML/JS sinks / facturas save validation warning,resources/views/livewire/facturas/save.blade.php,`{!! $validacion_operaciones_pendientes !!}`,1 (L53),Server-built string of DB pieriodo/fecha_range values + $forma_pago->tipo (admin-set),admin,n/a,not-vulnerable,resolved-safe,"Hardening: {{ }} for any future dynamic text."
row-10,resources/views/livewire/**/*.blade.php#HTML/JS sinks::resources/views/components/select2-ajax.blade.php#inline script URL injection::profile/quick/all-in-scope-subsystems::ATTACK-CLASSES.md#Injection,HTML/JS sinks / static __() raw sinks,cuarentena/fix-vk.blade.php L390, cuarentena/fix.blade.php L378, modulos/save.blade.php L40, gestion-configuraciones-component.blade.php L156, suscripciones/activar.blade.php L57, suscripciones/gestion-suscripciones.blade.php L637, sucursales/formas-pago.blade.php L98, facturas-sistema/delete.blade.php L9,"`{!! __(\u0027...\u0027) !!}`",7 files,Translation strings (lang/) — no user input interpolated at runtime,n/a,n/a,not-vulnerable,resolved-safe,"Static developer-authored text intended to be raw."
row-11,resources/views/livewire/**/*.blade.php#HTML/JS sinks::resources/views/components/select2-ajax.blade.php#inline script URL injection::profile/quick/all-in-scope-subsystems::ATTACK-CLASSES.md#Injection,HTML/JS sinks / changeSort wire:click,resources/views/livewire/reportes/* + trazas/index.blade.php L34,`wire:click=\"changeSort('{{ $sort }}')\"` inline script URI,~12 report views + trazas,All $sorts arrays are static translation strings in components (Ingresos, Logs, VentasDiarias, HistoricoTicketsVk, HistoricoOperaciones, Trazas, etc.),n/a,n/a,not-vulnerable,resolved-safe,"$sort comes from $sorts[] static arrays only."
row-12,resources/views/livewire/**/*.blade.php#HTML/JS sinks::resources/views/components/select2-ajax.blade.php#inline script URL injection::profile/quick/all-in-scope-subsystems::ATTACK-CLASSES.md#Injection,HTML/JS sinks / surrounding assets,resources/js/app.js + resources/views/emails/* + app/Livewire/Home.php + resources/views/livewire/secciones-dashboard/*,app.js lazy-loads ApexCharts via dynamic import (no sink); emails have no raw {!! !!}; dashboard chart categories come from POS-ingest product/terminal names but ApexCharts renders labels via text nodes (no innerHTML),POS ingest (gopos routes) writes product names,Operator writes names,n/a,not-vulnerable,resolved-safe,"No executing HTML sink found around chart data."
row-13,resources/views/livewire/**/*.blade.php#HTML/JS sinks::resources/views/components/select2-ajax.blade.php#inline script URL injection::profile/quick/all-in-scope-subsystems::ATTACK-CLASSES.md#Injection,HTML/JS sinks / variant escaped components (contrast),resources/views/components/{select2-ajax-modals,select2-ajax-component-modals,select2-ajax-img}.blade.php,`url: '{{$url}}'`,10 call sites,Route() URLs escaped by Blade,groups above,n/a,not-vulnerable,resolved-safe,"Confirms the unescaped main variant is the anomaly (row-1)."